DATAFLOW,LAST UPDATE,freq,indic_de,geo,TIME_PERIOD,OBS_VALUE,OBS_FLAG
ESTAT:TPS00199(1.0),28/04/22 11:00:00,A,TOTFERRT,AD,2009,1.19,
ESTAT:TPS00199(1.0),28/04/22 11:00:00,A,TOTFERRT,AD,2010,1.27,
ESTAT:TPS00199(1.0),28/04/22 11:00:00,A,TOTFERRT,AL,2009,1.63,
ESTAT:TPS00199(1.0),28/04/22 11:00:00,A,TOTFERRT,AL,2010,1.63,
ESTAT:TPS00199(1.0),28/04/22 11:00:00,A,TOTFERRT,AL,2011,1.65,
ESTAT:TPS00199(1.0),28/04/22 11:00:00,A,TOTFERRT,AL,2012,1.71,
ESTAT:TPS00199(1.0),28/04/22 11:00:00,A,TOTFERRT,AL,2013,1.73,
ESTAT:TPS00199(1.0),28/04/22 11:00:00,A,TOTFERRT,AL,2014,1.73,
ESTAT:TPS00199(1.0),28/04/22 11:00:00,A,TOTFERRT,AL,2015,1.59,
ESTAT:TPS00199(1.0),28/04/22 11:00:00,A,TOTFERRT,AL,2016,1.54,
ESTAT:TPS00199(1.0),28/04/22 11:00:00,A,TOTFERRT,AL,2017,1.48,
ESTAT:TPS00199(1.0),28/04/22 11:00:00,A,TOTFERRT,AL,2018,1.37,
ESTAT:TPS00199(1.0),28/04/22 11:00:00,A,TOTFERRT,AL,2020,1.34,
ESTAT:TPS00199(1.0),28/04/22 11:00:00,A,TOTFERRT,AM,2009,1.53,
ESTAT:TPS00199(1.0),28/04/22 11:00:00,A,TOTFERRT,AM,2015,1.62,
ESTAT:TPS00199(1.0),28/04/22 11:00:00,A,TOTFERRT,AM,2016,1.62,
ESTAT:TPS00199(1.0),28/04/22 11:00:00,A,TOTFERRT,AM,2017,1.56,
ESTAT:TPS00199(1.0),28/04/22 11:00:00,A,TOTFERRT,AM,2018,1.57,
ESTAT:TPS00199(1.0),28/04/22 11:00:00,A,TOTFERRT,AM,2019,1.60,
ESTAT:TPS00199(1.0),28/04/22 11:00:00,A,TOTFERRT,AT,2009,1.39,
ESTAT:TPS00199(1.0),28/04/22 11:00:00,A,TOTFERRT,AT,2010,1.44,
ESTAT:TPS00199(1.0),28/04/22 11:00:00,A,TOTFERRT,AT,2011,1.43,
ESTAT:TPS00199(1.0),28/04/22 11:00:00,A,TOTFERRT,AT,2012,1.44,
ESTAT:TPS00199(1.0),28/04/22 11:00:00,A,TOTFERRT,AT,2013,1.44,
ESTAT:TPS00199(1.0),28/04/22 11:00:00,A,TOTFERRT,AT,2014,1.46,
ESTAT:TPS00199(1.0),28/04/22 11:00:00,A,TOTFERRT,AT,2015,1.49,
ESTAT:TPS00199(1.0),28/04/22 11:00:00,A,TOTFERRT,AT,2016,1.53,
ESTAT:TPS00199(1.0),28/04/22 11:00:00,A,TOTFERRT,AT,2017,1.52,
ESTAT:TPS00199(1.0),28/04/22 11:00:00,A,TOTFERRT,AT,2018,1.47,
ESTAT:TPS00199(1.0),28/04/22 11:00:00,A,TOTFERRT,AT,2019,1.46,
ESTAT:TPS00199(1.0),28/04/22 11:00:00,A,TOTFERRT,AT,2020,1.44,
ESTAT:TPS00199(1.0),28/04/22 11:00:00,A,TOTFERRT,AZ,2009,1.82,
ESTAT:TPS00199(1.0),28/04/22 11:00:00,A,TOTFERRT,AZ,2010,1.92,
ESTAT:TPS00199(1.0),28/04/22 11:00:00,A,TOTFERRT,AZ,2012,2.00,
ESTAT:TPS00199(1.0),28/04/22 11:00:00,A,TOTFERRT,AZ,2013,1.98,
ESTAT:TPS00199(1.0),28/04/22 11:00:00,A,TOTFERRT,AZ,2014,1.97,
ESTAT:TPS00199(1.0),28/04/22 11:00:00,A,TOTFERRT,AZ,2015,1.94,
ESTAT:TPS00199(1.0),28/04/22 11:00:00,A,TOTFERRT,AZ,2016,1.90,
ESTAT:TPS00199(1.0),28/04/22 11:00:00,A,TOTFERRT,AZ,2017,1.75,
ESTAT:TPS00199(1.0),28/04/22 11:00:00,A,TOTFERRT,AZ,2018,1.73,
ESTAT:TPS00199(1.0),28/04/22 11:00:00,A,TOTFERRT,AZ,2019,1.81,
ESTAT:TPS00199(1.0),28/04/22 11:00:00,A,TOTFERRT,BE,2009,1.84,
ESTAT:TPS00199(1.0),28/04/22 11:00:00,A,TOTFERRT,BE,2010,1.86,
ESTAT:TPS00199(1.0),28/04/22 11:00:00,A,TOTFERRT,BE,2011,1.81,b
ESTAT:TPS00199(1.0),28/04/22 11:00:00,A,TOTFERRT,BE,2012,1.80,
ESTAT:TPS00199(1.0),28/04/22 11:00:00,A,TOTFERRT,BE,2013,1.76,
ESTAT:TPS00199(1.0),28/04/22 11:00:00,A,TOTFERRT,BE,2014,1.74,
ESTAT:TPS00199(1.0),28/04/22 11:00:00,A,TOTFERRT,BE,2015,1.70,
ESTAT:TPS00199(1.0),28/04/22 11:00:00,A,TOTFERRT,BE,2016,1.68,
ESTAT:TPS00199(1.0),28/04/22 11:00:00,A,TOTFERRT,BE,2017,1.65,
ESTAT:TPS00199(1.0),28/04/22 11:00:00,A,TOTFERRT,BE,2018,1.62,
ESTAT:TPS00199(1.0),28/04/22 11:00:00,A,TOTFERRT,BE,2019,1.60,
ESTAT:TPS00199(1.0),28/04/22 11:00:00,A,TOTFERRT,BE,2020,1.55,
ESTAT:TPS00199(1.0),28/04/22 11:00:00,A,TOTFERRT,BG,2009,1.66,
ESTAT:TPS00199(1.0),28/04/22 11:00:00,A,TOTFERRT,BG,2010,1.57,
ESTAT:TPS00199(1.0),28/04/22 11:00:00,A,TOTFERRT,BG,2011,1.51,
ESTAT:TPS00199(1.0),28/04/22 11:00:00,A,TOTFERRT,BG,2012,1.50,
ESTAT:TPS00199(1.0),28/04/22 11:00:00,A,TOTFERRT,BG,2013,1.48,
ESTAT:TPS00199(1.0),28/04/22 11:00:00,A,TOTFERRT,BG,2014,1.53,
ESTAT:TPS00199(1.0),28/04/22 11:00:00,A,TOTFERRT,BG,2015,1.53,
ESTAT:TPS00199(1.0),28/04/22 11:00:00,A,TOTFERRT,BG,2016,1.54,
ESTAT:TPS00199(1.0),28/04/22 11:00:00,A,TOTFERRT,BG,2017,1.56,
ESTAT:TPS00199(1.0),28/04/22 11:00:00,A,TOTFERRT,BG,2018,1.56,
ESTAT:TPS00199(1.0),28/04/22 11:00:00,A,TOTFERRT,BG,2019,1.58,
ESTAT:TPS00199(1.0),28/04/22 11:00:00,A,TOTFERRT,BG,2020,1.56,
ESTAT:TPS00199(1.0),28/04/22 11:00:00,A,TOTFERRT,BY,2011,1.51,
ESTAT:TPS00199(1.0),28/04/22 11:00:00,A,TOTFERRT,BY,2012,1.62,
ESTAT:TPS00199(1.0),28/04/22 11:00:00,A,TOTFERRT,BY,2013,1.67,
ESTAT:TPS00199(1.0),28/04/22 11:00:00,A,TOTFERRT,BY,2014,1.70,
ESTAT:TPS00199(1.0),28/04/22 11:00:00,A,TOTFERRT,BY,2015,1.72,
ESTAT:TPS00199(1.0),28/04/22 11:00:00,A,TOTFERRT,BY,2016,1.73,
ESTAT:TPS00199(1.0),28/04/22 11:00:00,A,TOTFERRT,BY,2017,1.54,
ESTAT:TPS00199(1.0),28/04/22 11:00:00,A,TOTFERRT,BY,2018,1.45,
ESTAT:TPS00199(1.0),28/04/22 11:00:00,A,TOTFERRT,CH,2009,1.50,
ESTAT:TPS00199(1.0),28/04/22 11:00:00,A,TOTFERRT,CH,2010,1.52,
ESTAT:TPS00199(1.0),28/04/22 11:00:00,A,TOTFERRT,CH,2011,1.52,b
ESTAT:TPS00199(1.0),28/04/22 11:00:00,A,TOTFERRT,CH,2012,1.52,
ESTAT:TPS00199(1.0),28/04/22 11:00:00,A,TOTFERRT,CH,2013,1.52,
ESTAT:TPS00199(1.0),28/04/22 11:00:00,A,TOTFERRT,CH,2014,1.54,
ESTAT:TPS00199(1.0),28/04/22 11:00:00,A,TOTFERRT,CH,2015,1.54,
ESTAT:TPS00199(1.0),28/04/22 11:00:00,A,TOTFERRT,CH,2016,1.54,
ESTAT:TPS00199(1.0),28/04/22 11:00:00,A,TOTFERRT,CH,2017,1.52,
ESTAT:TPS00199(1.0),28/04/22 11:00:00,A,TOTFERRT,CH,2018,1.52,
ESTAT:TPS00199(1.0),28/04/22 11:00:00,A,TOTFERRT,CH,2019,1.48,
ESTAT:TPS00199(1.0),28/04/22 11:00:00,A,TOTFERRT,CH,2020,1.46,
ESTAT:TPS00199(1.0),28/04/22 11:00:00,A,TOTFERRT,CY,2009,1.47,
ESTAT:TPS00199(1.0),28/04/22 11:00:00,A,TOTFERRT,CY,2010,1.44,
ESTAT:TPS00199(1.0),28/04/22 11:00:00,A,TOTFERRT,CY,2011,1.35,
ESTAT:TPS00199(1.0),28/04/22 11:00:00,A,TOTFERRT,CY,2012,1.39,
ESTAT:TPS00199(1.0),28/04/22 11:00:00,A,TOTFERRT,CY,2013,1.30,
ESTAT:TPS00199(1.0),28/04/22 11:00:00,A,TOTFERRT,CY,2014,1.31,
ESTAT:TPS00199(1.0),28/04/22 11:00:00,A,TOTFERRT,CY,2015,1.32,
ESTAT:TPS00199(1.0),28/04/22 11:00:00,A,TOTFERRT,CY,2016,1.37,
ESTAT:TPS00199(1.0),28/04/22 11:00:00,A,TOTFERRT,CY,2017,1.32,
ESTAT:TPS00199(1.0),28/04/22 11:00:00,A,TOTFERRT,CY,2018,1.32,
ESTAT:TPS00199(1.0),28/04/22 11:00:00,A,TOTFERRT,CY,2019,1.33,
ESTAT:TPS00199(1.0),28/04/22 11:00:00,A,TOTFERRT,CY,2020,1.36,
ESTAT:TPS00199(1.0),28/04/22 11:00:00,A,TOTFERRT,CZ,2009,1.51,
ESTAT:TPS00199(1.0),28/04/22 11:00:00,A,TOTFERRT,CZ,2010,1.51,
ESTAT:TPS00199(1.0),28/04/22 11:00:00,A,TOTFERRT,CZ,2011,1.43,
ESTAT:TPS00199(1.0),28/04/22 11:00:00,A,TOTFERRT,CZ,2012,1.45,
ESTAT:TPS00199(1.0),28/04/22 11:00:00,A,TOTFERRT,CZ,2013,1.46,
ESTAT:TPS00199(1.0),28/04/22 11:00:00,A,TOTFERRT,CZ,2014,1.53,
ESTAT:TPS00199(1.0),28/04/22 11:00:00,A,TOTFERRT,CZ,2015,1.57,
ESTAT:TPS00199(1.0),28/04/22 11:00:00,A,TOTFERRT,CZ,2016,1.63,
ESTAT:TPS00199(1.0),28/04/22 11:00:00,A,TOTFERRT,CZ,2017,1.69,
ESTAT:TPS00199(1.0),28/04/22 11:00:00,A,TOTFERRT,CZ,2018,1.71,
ESTAT:TPS00199(1.0),28/04/22 11:00:00,A,TOTFERRT,CZ,2019,1.71,
ESTAT:TPS00199(1.0),28/04/22 11:00:00,A,TOTFERRT,CZ,2020,1.71,
ESTAT:TPS00199(1.0),28/04/22 11:00:00,A,TOTFERRT,DE,2009,1.36,
ESTAT:TPS00199(1.0),28/04/22 11:00:00,A,TOTFERRT,DE,2010,1.39,
ESTAT:TPS00199(1.0),28/04/22 11:00:00,A,TOTFERRT,DE,2011,1.39,b
ESTAT:TPS00199(1.0),28/04/22 11:00:00,A,TOTFERRT,DE,2012,1.41,
ESTAT:TPS00199(1.0),28/04/22 11:00:00,A,TOTFERRT,DE,2013,1.42,
ESTAT:TPS00199(1.0),28/04/22 11:00:00,A,TOTFERRT,DE,2014,1.47,
ESTAT:TPS00199(1.0),28/04/22 11:00:00,A,TOTFERRT,DE,2015,1.50,
ESTAT:TPS00199(1.0),28/04/22 11:00:00,A,TOTFERRT,DE,2016,1.60,
ESTAT:TPS00199(1.0),28/04/22 11:00:00,A,TOTFERRT,DE,2017,1.57,
ESTAT:TPS00199(1.0),28/04/22 11:00:00,A,TOTFERRT,DE,2018,1.57,
ESTAT:TPS00199(1.0),28/04/22 11:00:00,A,TOTFERRT,DE,2019,1.54,
ESTAT:TPS00199(1.0),28/04/22 11:00:00,A,TOTFERRT,DE,2020,1.53,
ESTAT:TPS00199(1.0),28/04/22 11:00:00,A,TOTFERRT,DK,2009,1.84,
ESTAT:TPS00199(1.0),28/04/22 11:00:00,A,TOTFERRT,DK,2010,1.87,
ESTAT:TPS00199(1.0),28/04/22 11:00:00,A,TOTFERRT,DK,2011,1.75,
ESTAT:TPS00199(1.0),28/04/22 11:00:00,A,TOTFERRT,DK,2012,1.73,
ESTAT:TPS00199(1.0),28/04/22 11:00:00,A,TOTFERRT,DK,2013,1.67,
ESTAT:TPS00199(1.0),28/04/22 11:00:00,A,TOTFERRT,DK,2014,1.69,
ESTAT:TPS00199(1.0),28/04/22 11:00:00,A,TOTFERRT,DK,2015,1.71,
ESTAT:TPS00199(1.0),28/04/22 11:00:00,A,TOTFERRT,DK,2016,1.79,
ESTAT:TPS00199(1.0),28/04/22 11:00:00,A,TOTFERRT,DK,2017,1.75,
ESTAT:TPS00199(1.0),28/04/22 11:00:00,A,TOTFERRT,DK,2018,1.73,
ESTAT:TPS00199(1.0),28/04/22 11:00:00,A,TOTFERRT,DK,2019,1.70,
ESTAT:TPS00199(1.0),28/04/22 11:00:00,A,TOTFERRT,DK,2020,1.68,
ESTAT:TPS00199(1.0),28/04/22 11:00:00,A,TOTFERRT,EA18,2009,1.57,
ESTAT:TPS00199(1.0),28/04/22 11:00:00,A,TOTFERRT,EA18,2010,1.59,
ESTAT:TPS00199(1.0),28/04/22 11:00:00,A,TOTFERRT,EA18,2011,1.57,b
ESTAT:TPS00199(1.0),28/04/22 11:00:00,A,TOTFERRT,EA18,2012,1.56,b
ESTAT:TPS00199(1.0),28/04/22 11:00:00,A,TOTFERRT,EA18,2013,1.54,
ESTAT:TPS00199(1.0),28/04/22 11:00:00,A,TOTFERRT,EA18,2014,1.56,b
ESTAT:TPS00199(1.0),28/04/22 11:00:00,A,TOTFERRT,EA18,2015,1.56,b
ESTAT:TPS00199(1.0),28/04/22 11:00:00,A,TOTFERRT,EA18,2016,1.58,
ESTAT:TPS00199(1.0),28/04/22 11:00:00,A,TOTFERRT,EA18,2017,1.56,b
ESTAT:TPS00199(1.0),28/04/22 11:00:00,A,TOTFERRT,EA18,2018,1.53,ep
ESTAT:TPS00199(1.0),28/04/22 11:00:00,A,TOTFERRT,EA18,2019,1.52,bep
ESTAT:TPS00199(1.0),28/04/22 11:00:00,A,TOTFERRT,EA18,2020,1.49,p
ESTAT:TPS00199(1.0),28/04/22 11:00:00,A,TOTFERRT,EA19,2009,1.57,
ESTAT:TPS00199(1.0),28/04/22 11:00:00,A,TOTFERRT,EA19,2010,1.59,
ESTAT:TPS00199(1.0),28/04/22 11:00:00,A,TOTFERRT,EA19,2011,1.57,b
ESTAT:TPS00199(1.0),28/04/22 11:00:00,A,TOTFERRT,EA19,2012,1.56,b
ESTAT:TPS00199(1.0),28/04/22 11:00:00,A,TOTFERRT,EA19,2013,1.54,
ESTAT:TPS00199(1.0),28/04/22 11:00:00,A,TOTFERRT,EA19,2014,1.56,b
ESTAT:TPS00199(1.0),28/04/22 11:00:00,A,TOTFERRT,EA19,2015,1.56,b
ESTAT:TPS00199(1.0),28/04/22 11:00:00,A,TOTFERRT,EA19,2016,1.58,
ESTAT:TPS00199(1.0),28/04/22 11:00:00,A,TOTFERRT,EA19,2017,1.56,b
ESTAT:TPS00199(1.0),28/04/22 11:00:00,A,TOTFERRT,EA19,2018,1.53,ep
ESTAT:TPS00199(1.0),28/04/22 11:00:00,A,TOTFERRT,EA19,2019,1.52,bep
ESTAT:TPS00199(1.0),28/04/22 11:00:00,A,TOTFERRT,EA19,2020,1.49,p
ESTAT:TPS00199(1.0),28/04/22 11:00:00,A,TOTFERRT,EE,2009,1.70,
ESTAT:TPS00199(1.0),28/04/22 11:00:00,A,TOTFERRT,EE,2010,1.72,
ESTAT:TPS00199(1.0),28/04/22 11:00:00,A,TOTFERRT,EE,2011,1.61,
ESTAT:TPS00199(1.0),28/04/22 11:00:00,A,TOTFERRT,EE,2012,1.56,
ESTAT:TPS00199(1.0),28/04/22 11:00:00,A,TOTFERRT,EE,2013,1.52,
ESTAT:TPS00199(1.0),28/04/22 11:00:00,A,TOTFERRT,EE,2014,1.54,
ESTAT:TPS00199(1.0),28/04/22 11:00:00,A,TOTFERRT,EE,2015,1.58,b
ESTAT:TPS00199(1.0),28/04/22 11:00:00,A,TOTFERRT,EE,2016,1.60,
ESTAT:TPS00199(1.0),28/04/22 11:00:00,A,TOTFERRT,EE,2017,1.59,
ESTAT:TPS00199(1.0),28/04/22 11:00:00,A,TOTFERRT,EE,2018,1.67,
ESTAT:TPS00199(1.0),28/04/22 11:00:00,A,TOTFERRT,EE,2019,1.66,
ESTAT:TPS00199(1.0),28/04/22 11:00:00,A,TOTFERRT,EE,2020,1.58,
ESTAT:TPS00199(1.0),28/04/22 11:00:00,A,TOTFERRT,EL,2009,1.50,
ESTAT:TPS00199(1.0),28/04/22 11:00:00,A,TOTFERRT,EL,2010,1.48,
ESTAT:TPS00199(1.0),28/04/22 11:00:00,A,TOTFERRT,EL,2011,1.40,
ESTAT:TPS00199(1.0),28/04/22 11:00:00,A,TOTFERRT,EL,2012,1.34,
ESTAT:TPS00199(1.0),28/04/22 11:00:00,A,TOTFERRT,EL,2013,1.29,
ESTAT:TPS00199(1.0),28/04/22 11:00:00,A,TOTFERRT,EL,2014,1.30,
ESTAT:TPS00199(1.0),28/04/22 11:00:00,A,TOTFERRT,EL,2015,1.33,
ESTAT:TPS00199(1.0),28/04/22 11:00:00,A,TOTFERRT,EL,2016,1.38,
ESTAT:TPS00199(1.0),28/04/22 11:00:00,A,TOTFERRT,EL,2017,1.35,
ESTAT:TPS00199(1.0),28/04/22 11:00:00,A,TOTFERRT,EL,2018,1.35,
ESTAT:TPS00199(1.0),28/04/22 11:00:00,A,TOTFERRT,EL,2019,1.34,
ESTAT:TPS00199(1.0),28/04/22 11:00:00,A,TOTFERRT,EL,2020,1.39,
ESTAT:TPS00199(1.0),28/04/22 11:00:00,A,TOTFERRT,ES,2009,1.38,
ESTAT:TPS00199(1.0),28/04/22 11:00:00,A,TOTFERRT,ES,2010,1.37,
ESTAT:TPS00199(1.0),28/04/22 11:00:00,A,TOTFERRT,ES,2011,1.34,
ESTAT:TPS00199(1.0),28/04/22 11:00:00,A,TOTFERRT,ES,2012,1.32,
ESTAT:TPS00199(1.0),28/04/22 11:00:00,A,TOTFERRT,ES,2013,1.27,
ESTAT:TPS00199(1.0),28/04/22 11:00:00,A,TOTFERRT,ES,2014,1.32,
ESTAT:TPS00199(1.0),28/04/22 11:00:00,A,TOTFERRT,ES,2015,1.33,
ESTAT:TPS00199(1.0),28/04/22 11:00:00,A,TOTFERRT,ES,2016,1.34,
ESTAT:TPS00199(1.0),28/04/22 11:00:00,A,TOTFERRT,ES,2017,1.31,
ESTAT:TPS00199(1.0),28/04/22 11:00:00,A,TOTFERRT,ES,2018,1.26,
ESTAT:TPS00199(1.0),28/04/22 11:00:00,A,TOTFERRT,ES,2019,1.23,
ESTAT:TPS00199(1.0),28/04/22 11:00:00,A,TOTFERRT,ES,2020,1.19,
ESTAT:TPS00199(1.0),28/04/22 11:00:00,A,TOTFERRT,EU27_2007,2009,1.61,
ESTAT:TPS00199(1.0),28/04/22 11:00:00,A,TOTFERRT,EU27_2007,2010,1.62,b
ESTAT:TPS00199(1.0),28/04/22 11:00:00,A,TOTFERRT,EU27_2007,2011,1.59,b
ESTAT:TPS00199(1.0),28/04/22 11:00:00,A,TOTFERRT,EU27_2007,2012,1.59,b
ESTAT:TPS00199(1.0),28/04/22 11:00:00,A,TOTFERRT,EU27_2007,2013,1.55,
ESTAT:TPS00199(1.0),28/04/22 11:00:00,A,TOTFERRT,EU27_2007,2014,1.58,b
ESTAT:TPS00199(1.0),28/04/22 11:00:00,A,TOTFERRT,EU27_2007,2015,1.58,b
ESTAT:TPS00199(1.0),28/04/22 11:00:00,A,TOTFERRT,EU27_2007,2016,1.60,
ESTAT:TPS00199(1.0),28/04/22 11:00:00,A,TOTFERRT,EU27_2007,2017,1.59,b
ESTAT:TPS00199(1.0),28/04/22 11:00:00,A,TOTFERRT,EU27_2007,2018,1.56,ep
ESTAT:TPS00199(1.0),28/04/22 11:00:00,A,TOTFERRT,EU27_2020,2009,1.56,
ESTAT:TPS00199(1.0),28/04/22 11:00:00,A,TOTFERRT,EU27_2020,2010,1.57,b
ESTAT:TPS00199(1.0),28/04/22 11:00:00,A,TOTFERRT,EU27_2020,2011,1.54,b
ESTAT:TPS00199(1.0),28/04/22 11:00:00,A,TOTFERRT,EU27_2020,2012,1.54,b
ESTAT:TPS00199(1.0),28/04/22 11:00:00,A,TOTFERRT,EU27_2020,2013,1.51,
ESTAT:TPS00199(1.0),28/04/22 11:00:00,A,TOTFERRT,EU27_2020,2014,1.54,b
ESTAT:TPS00199(1.0),28/04/22 11:00:00,A,TOTFERRT,EU27_2020,2015,1.54,b
ESTAT:TPS00199(1.0),28/04/22 11:00:00,A,TOTFERRT,EU27_2020,2016,1.57,
ESTAT:TPS00199(1.0),28/04/22 11:00:00,A,TOTFERRT,EU27_2020,2017,1.56,b
ESTAT:TPS00199(1.0),28/04/22 11:00:00,A,TOTFERRT,EU27_2020,2018,1.54,ep
ESTAT:TPS00199(1.0),28/04/22 11:00:00,A,TOTFERRT,EU27_2020,2019,1.53,bep
ESTAT:TPS00199(1.0),28/04/22 11:00:00,A,TOTFERRT,EU27_2020,2020,1.50,ep
ESTAT:TPS00199(1.0),28/04/22 11:00:00,A,TOTFERRT,EU28,2009,1.61,
ESTAT:TPS00199(1.0),28/04/22 11:00:00,A,TOTFERRT,EU28,2010,1.62,b
ESTAT:TPS00199(1.0),28/04/22 11:00:00,A,TOTFERRT,EU28,2011,1.59,b
ESTAT:TPS00199(1.0),28/04/22 11:00:00,A,TOTFERRT,EU28,2012,1.59,b
ESTAT:TPS00199(1.0),28/04/22 11:00:00,A,TOTFERRT,EU28,2013,1.55,
ESTAT:TPS00199(1.0),28/04/22 11:00:00,A,TOTFERRT,EU28,2014,1.58,b
ESTAT:TPS00199(1.0),28/04/22 11:00:00,A,TOTFERRT,EU28,2015,1.58,b
ESTAT:TPS00199(1.0),28/04/22 11:00:00,A,TOTFERRT,EU28,2016,1.60,
ESTAT:TPS00199(1.0),28/04/22 11:00:00,A,TOTFERRT,EU28,2017,1.59,b
ESTAT:TPS00199(1.0),28/04/22 11:00:00,A,TOTFERRT,EU28,2018,1.56,ep
ESTAT:TPS00199(1.0),28/04/22 11:00:00,A,TOTFERRT,FI,2009,1.86,
ESTAT:TPS00199(1.0),28/04/22 11:00:00,A,TOTFERRT,FI,2010,1.87,
ESTAT:TPS00199(1.0),28/04/22 11:00:00,A,TOTFERRT,FI,2011,1.83,
ESTAT:TPS00199(1.0),28/04/22 11:00:00,A,TOTFERRT,FI,2012,1.80,
ESTAT:TPS00199(1.0),28/04/22 11:00:00,A,TOTFERRT,FI,2013,1.75,
ESTAT:TPS00199(1.0),28/04/22 11:00:00,A,TOTFERRT,FI,2014,1.71,
ESTAT:TPS00199(1.0),28/04/22 11:00:00,A,TOTFERRT,FI,2015,1.65,
ESTAT:TPS00199(1.0),28/04/22 11:00:00,A,TOTFERRT,FI,2016,1.57,
ESTAT:TPS00199(1.0),28/04/22 11:00:00,A,TOTFERRT,FI,2017,1.49,
ESTAT:TPS00199(1.0),28/04/22 11:00:00,A,TOTFERRT,FI,2018,1.41,
ESTAT:TPS00199(1.0),28/04/22 11:00:00,A,TOTFERRT,FI,2019,1.35,
ESTAT:TPS00199(1.0),28/04/22 11:00:00,A,TOTFERRT,FI,2020,1.37,
ESTAT:TPS00199(1.0),28/04/22 11:00:00,A,TOTFERRT,FR,2009,2.00,
ESTAT:TPS00199(1.0),28/04/22 11:00:00,A,TOTFERRT,FR,2010,2.03,
ESTAT:TPS00199(1.0),28/04/22 11:00:00,A,TOTFERRT,FR,2011,2.01,
ESTAT:TPS00199(1.0),28/04/22 11:00:00,A,TOTFERRT,FR,2012,2.01,
ESTAT:TPS00199(1.0),28/04/22 11:00:00,A,TOTFERRT,FR,2013,1.99,
ESTAT:TPS00199(1.0),28/04/22 11:00:00,A,TOTFERRT,FR,2014,2.00,b
ESTAT:TPS00199(1.0),28/04/22 11:00:00,A,TOTFERRT,FR,2015,1.96,
ESTAT:TPS00199(1.0),28/04/22 11:00:00,A,TOTFERRT,FR,2016,1.92,
ESTAT:TPS00199(1.0),28/04/22 11:00:00,A,TOTFERRT,FR,2017,1.89,
ESTAT:TPS00199(1.0),28/04/22 11:00:00,A,TOTFERRT,FR,2018,1.87,p
ESTAT:TPS00199(1.0),28/04/22 11:00:00,A,TOTFERRT,FR,2019,1.86,p
ESTAT:TPS00199(1.0),28/04/22 11:00:00,A,TOTFERRT,FR,2020,1.83,p
ESTAT:TPS00199(1.0),28/04/22 11:00:00,A,TOTFERRT,FX,2009,1.99,
ESTAT:TPS00199(1.0),28/04/22 11:00:00,A,TOTFERRT,FX,2010,2.02,
ESTAT:TPS00199(1.0),28/04/22 11:00:00,A,TOTFERRT,FX,2011,2.00,
ESTAT:TPS00199(1.0),28/04/22 11:00:00,A,TOTFERRT,FX,2012,1.99,
ESTAT:TPS00199(1.0),28/04/22 11:00:00,A,TOTFERRT,GE,2009,1.85,
ESTAT:TPS00199(1.0),28/04/22 11:00:00,A,TOTFERRT,GE,2010,1.81,
ESTAT:TPS00199(1.0),28/04/22 11:00:00,A,TOTFERRT,GE,2014,1.97,
ESTAT:TPS00199(1.0),28/04/22 11:00:00,A,TOTFERRT,GE,2015,2.21,
ESTAT:TPS00199(1.0),28/04/22 11:00:00,A,TOTFERRT,GE,2016,2.23,
ESTAT:TPS00199(1.0),28/04/22 11:00:00,A,TOTFERRT,GE,2017,2.14,
ESTAT:TPS00199(1.0),28/04/22 11:00:00,A,TOTFERRT,GE,2018,2.09,
ESTAT:TPS00199(1.0),28/04/22 11:00:00,A,TOTFERRT,GE,2019,2.02,
ESTAT:TPS00199(1.0),28/04/22 11:00:00,A,TOTFERRT,HR,2009,1.58,
ESTAT:TPS00199(1.0),28/04/22 11:00:00,A,TOTFERRT,HR,2010,1.55,
ESTAT:TPS00199(1.0),28/04/22 11:00:00,A,TOTFERRT,HR,2011,1.48,
ESTAT:TPS00199(1.0),28/04/22 11:00:00,A,TOTFERRT,HR,2012,1.51,
ESTAT:TPS00199(1.0),28/04/22 11:00:00,A,TOTFERRT,HR,2013,1.46,
ESTAT:TPS00199(1.0),28/04/22 11:00:00,A,TOTFERRT,HR,2014,1.46,
ESTAT:TPS00199(1.0),28/04/22 11:00:00,A,TOTFERRT,HR,2015,1.40,
ESTAT:TPS00199(1.0),28/04/22 11:00:00,A,TOTFERRT,HR,2016,1.42,
ESTAT:TPS00199(1.0),28/04/22 11:00:00,A,TOTFERRT,HR,2017,1.42,
ESTAT:TPS00199(1.0),28/04/22 11:00:00,A,TOTFERRT,HR,2018,1.47,
ESTAT:TPS00199(1.0),28/04/22 11:00:00,A,TOTFERRT,HR,2019,1.47,
ESTAT:TPS00199(1.0),28/04/22 11:00:00,A,TOTFERRT,HR,2020,1.48,
ESTAT:TPS00199(1.0),28/04/22 11:00:00,A,TOTFERRT,HU,2009,1.32,
ESTAT:TPS00199(1.0),28/04/22 11:00:00,A,TOTFERRT,HU,2010,1.25,
ESTAT:TPS00199(1.0),28/04/22 11:00:00,A,TOTFERRT,HU,2011,1.23,
ESTAT:TPS00199(1.0),28/04/22 11:00:00,A,TOTFERRT,HU,2012,1.34,b
ESTAT:TPS00199(1.0),28/04/22 11:00:00,A,TOTFERRT,HU,2013,1.35,
ESTAT:TPS00199(1.0),28/04/22 11:00:00,A,TOTFERRT,HU,2014,1.44,
ESTAT:TPS00199(1.0),28/04/22 11:00:00,A,TOTFERRT,HU,2015,1.45,
ESTAT:TPS00199(1.0),28/04/22 11:00:00,A,TOTFERRT,HU,2016,1.53,
ESTAT:TPS00199(1.0),28/04/22 11:00:00,A,TOTFERRT,HU,2017,1.54,
ESTAT:TPS00199(1.0),28/04/22 11:00:00,A,TOTFERRT,HU,2018,1.55,
ESTAT:TPS00199(1.0),28/04/22 11:00:00,A,TOTFERRT,HU,2019,1.55,
ESTAT:TPS00199(1.0),28/04/22 11:00:00,A,TOTFERRT,HU,2020,1.59,
ESTAT:TPS00199(1.0),28/04/22 11:00:00,A,TOTFERRT,IE,2009,2.06,
ESTAT:TPS00199(1.0),28/04/22 11:00:00,A,TOTFERRT,IE,2010,2.05,
ESTAT:TPS00199(1.0),28/04/22 11:00:00,A,TOTFERRT,IE,2011,2.03,
ESTAT:TPS00199(1.0),28/04/22 11:00:00,A,TOTFERRT,IE,2012,1.98,
ESTAT:TPS00199(1.0),28/04/22 11:00:00,A,TOTFERRT,IE,2013,1.93,
ESTAT:TPS00199(1.0),28/04/22 11:00:00,A,TOTFERRT,IE,2014,1.89,
ESTAT:TPS00199(1.0),28/04/22 11:00:00,A,TOTFERRT,IE,2015,1.85,
ESTAT:TPS00199(1.0),28/04/22 11:00:00,A,TOTFERRT,IE,2016,1.81,
ESTAT:TPS00199(1.0),28/04/22 11:00:00,A,TOTFERRT,IE,2017,1.77,
ESTAT:TPS00199(1.0),28/04/22 11:00:00,A,TOTFERRT,IE,2018,1.75,e
ESTAT:TPS00199(1.0),28/04/22 11:00:00,A,TOTFERRT,IE,2019,1.71,e
ESTAT:TPS00199(1.0),28/04/22 11:00:00,A,TOTFERRT,IE,2020,1.63,
ESTAT:TPS00199(1.0),28/04/22 11:00:00,A,TOTFERRT,IS,2009,2.23,
ESTAT:TPS00199(1.0),28/04/22 11:00:00,A,TOTFERRT,IS,2010,2.20,
ESTAT:TPS00199(1.0),28/04/22 11:00:00,A,TOTFERRT,IS,2011,2.02,
ESTAT:TPS00199(1.0),28/04/22 11:00:00,A,TOTFERRT,IS,2012,2.04,
ESTAT:TPS00199(1.0),28/04/22 11:00:00,A,TOTFERRT,IS,2013,1.93,
ESTAT:TPS00199(1.0),28/04/22 11:00:00,A,TOTFERRT,IS,2014,1.93,
ESTAT:TPS00199(1.0),28/04/22 11:00:00,A,TOTFERRT,IS,2015,1.80,
ESTAT:TPS00199(1.0),28/04/22 11:00:00,A,TOTFERRT,IS,2016,1.74,
ESTAT:TPS00199(1.0),28/04/22 11:00:00,A,TOTFERRT,IS,2017,1.71,
ESTAT:TPS00199(1.0),28/04/22 11:00:00,A,TOTFERRT,IS,2018,1.71,
ESTAT:TPS00199(1.0),28/04/22 11:00:00,A,TOTFERRT,IS,2019,1.74,
ESTAT:TPS00199(1.0),28/04/22 11:00:00,A,TOTFERRT,IS,2020,1.72,
ESTAT:TPS00199(1.0),28/04/22 11:00:00,A,TOTFERRT,IT,2009,1.45,
ESTAT:TPS00199(1.0),28/04/22 11:00:00,A,TOTFERRT,IT,2010,1.46,
ESTAT:TPS00199(1.0),28/04/22 11:00:00,A,TOTFERRT,IT,2011,1.44,
ESTAT:TPS00199(1.0),28/04/22 11:00:00,A,TOTFERRT,IT,2012,1.43,
ESTAT:TPS00199(1.0),28/04/22 11:00:00,A,TOTFERRT,IT,2013,1.39,
ESTAT:TPS00199(1.0),28/04/22 11:00:00,A,TOTFERRT,IT,2014,1.37,
ESTAT:TPS00199(1.0),28/04/22 11:00:00,A,TOTFERRT,IT,2015,1.35,
ESTAT:TPS00199(1.0),28/04/22 11:00:00,A,TOTFERRT,IT,2016,1.34,
ESTAT:TPS00199(1.0),28/04/22 11:00:00,A,TOTFERRT,IT,2017,1.32,
ESTAT:TPS00199(1.0),28/04/22 11:00:00,A,TOTFERRT,IT,2018,1.29,
ESTAT:TPS00199(1.0),28/04/22 11:00:00,A,TOTFERRT,IT,2019,1.27,b
ESTAT:TPS00199(1.0),28/04/22 11:00:00,A,TOTFERRT,IT,2020,1.24,
ESTAT:TPS00199(1.0),28/04/22 11:00:00,A,TOTFERRT,LI,2009,1.71,
ESTAT:TPS00199(1.0),28/04/22 11:00:00,A,TOTFERRT,LI,2010,1.40,
ESTAT:TPS00199(1.0),28/04/22 11:00:00,A,TOTFERRT,LI,2011,1.69,
ESTAT:TPS00199(1.0),28/04/22 11:00:00,A,TOTFERRT,LI,2012,1.51,
ESTAT:TPS00199(1.0),28/04/22 11:00:00,A,TOTFERRT,LI,2013,1.45,
ESTAT:TPS00199(1.0),28/04/22 11:00:00,A,TOTFERRT,LI,2014,1.59,
ESTAT:TPS00199(1.0),28/04/22 11:00:00,A,TOTFERRT,LI,2015,1.40,
ESTAT:TPS00199(1.0),28/04/22 11:00:00,A,TOTFERRT,LI,2016,1.61,
ESTAT:TPS00199(1.0),28/04/22 11:00:00,A,TOTFERRT,LI,2017,1.44,
ESTAT:TPS00199(1.0),28/04/22 11:00:00,A,TOTFERRT,LI,2018,1.58,
ESTAT:TPS00199(1.0),28/04/22 11:00:00,A,TOTFERRT,LI,2019,1.48,
ESTAT:TPS00199(1.0),28/04/22 11:00:00,A,TOTFERRT,LI,2020,1.46,
ESTAT:TPS00199(1.0),28/04/22 11:00:00,A,TOTFERRT,LT,2009,1.50,
ESTAT:TPS00199(1.0),28/04/22 11:00:00,A,TOTFERRT,LT,2010,1.50,
ESTAT:TPS00199(1.0),28/04/22 11:00:00,A,TOTFERRT,LT,2011,1.55,
ESTAT:TPS00199(1.0),28/04/22 11:00:00,A,TOTFERRT,LT,2012,1.60,
ESTAT:TPS00199(1.0),28/04/22 11:00:00,A,TOTFERRT,LT,2013,1.59,
ESTAT:TPS00199(1.0),28/04/22 11:00:00,A,TOTFERRT,LT,2014,1.63,
ESTAT:TPS00199(1.0),28/04/22 11:00:00,A,TOTFERRT,LT,2015,1.70,
ESTAT:TPS00199(1.0),28/04/22 11:00:00,A,TOTFERRT,LT,2016,1.69,
ESTAT:TPS00199(1.0),28/04/22 11:00:00,A,TOTFERRT,LT,2017,1.63,
ESTAT:TPS00199(1.0),28/04/22 11:00:00,A,TOTFERRT,LT,2018,1.63,
ESTAT:TPS00199(1.0),28/04/22 11:00:00,A,TOTFERRT,LT,2019,1.61,
ESTAT:TPS00199(1.0),28/04/22 11:00:00,A,TOTFERRT,LT,2020,1.48,
ESTAT:TPS00199(1.0),28/04/22 11:00:00,A,TOTFERRT,LU,2009,1.59,
ESTAT:TPS00199(1.0),28/04/22 11:00:00,A,TOTFERRT,LU,2010,1.63,
ESTAT:TPS00199(1.0),28/04/22 11:00:00,A,TOTFERRT,LU,2011,1.52,
ESTAT:TPS00199(1.0),28/04/22 11:00:00,A,TOTFERRT,LU,2012,1.57,b
ESTAT:TPS00199(1.0),28/04/22 11:00:00,A,TOTFERRT,LU,2013,1.55,
ESTAT:TPS00199(1.0),28/04/22 11:00:00,A,TOTFERRT,LU,2014,1.50,
ESTAT:TPS00199(1.0),28/04/22 11:00:00,A,TOTFERRT,LU,2015,1.47,
ESTAT:TPS00199(1.0),28/04/22 11:00:00,A,TOTFERRT,LU,2016,1.41,
ESTAT:TPS00199(1.0),28/04/22 11:00:00,A,TOTFERRT,LU,2017,1.39,b
ESTAT:TPS00199(1.0),28/04/22 11:00:00,A,TOTFERRT,LU,2018,1.38,
ESTAT:TPS00199(1.0),28/04/22 11:00:00,A,TOTFERRT,LU,2019,1.34,
ESTAT:TPS00199(1.0),28/04/22 11:00:00,A,TOTFERRT,LU,2020,1.36,
ESTAT:TPS00199(1.0),28/04/22 11:00:00,A,TOTFERRT,LV,2009,1.46,
ESTAT:TPS00199(1.0),28/04/22 11:00:00,A,TOTFERRT,LV,2010,1.36,
ESTAT:TPS00199(1.0),28/04/22 11:00:00,A,TOTFERRT,LV,2011,1.33,
ESTAT:TPS00199(1.0),28/04/22 11:00:00,A,TOTFERRT,LV,2012,1.44,
ESTAT:TPS00199(1.0),28/04/22 11:00:00,A,TOTFERRT,LV,2013,1.52,
ESTAT:TPS00199(1.0),28/04/22 11:00:00,A,TOTFERRT,LV,2014,1.65,
ESTAT:TPS00199(1.0),28/04/22 11:00:00,A,TOTFERRT,LV,2015,1.70,
ESTAT:TPS00199(1.0),28/04/22 11:00:00,A,TOTFERRT,LV,2016,1.74,
ESTAT:TPS00199(1.0),28/04/22 11:00:00,A,TOTFERRT,LV,2017,1.69,
ESTAT:TPS00199(1.0),28/04/22 11:00:00,A,TOTFERRT,LV,2018,1.60,
ESTAT:TPS00199(1.0),28/04/22 11:00:00,A,TOTFERRT,LV,2019,1.61,
ESTAT:TPS00199(1.0),28/04/22 11:00:00,A,TOTFERRT,LV,2020,1.55,
ESTAT:TPS00199(1.0),28/04/22 11:00:00,A,TOTFERRT,MD,2009,1.31,
ESTAT:TPS00199(1.0),28/04/22 11:00:00,A,TOTFERRT,MD,2010,1.30,
ESTAT:TPS00199(1.0),28/04/22 11:00:00,A,TOTFERRT,MD,2011,1.27,
ESTAT:TPS00199(1.0),28/04/22 11:00:00,A,TOTFERRT,MD,2012,1.28,
ESTAT:TPS00199(1.0),28/04/22 11:00:00,A,TOTFERRT,ME,2009,1.98,
ESTAT:TPS00199(1.0),28/04/22 11:00:00,A,TOTFERRT,ME,2010,1.70,
ESTAT:TPS00199(1.0),28/04/22 11:00:00,A,TOTFERRT,ME,2011,1.65,
ESTAT:TPS00199(1.0),28/04/22 11:00:00,A,TOTFERRT,ME,2012,1.72,
ESTAT:TPS00199(1.0),28/04/22 11:00:00,A,TOTFERRT,ME,2013,1.73,
ESTAT:TPS00199(1.0),28/04/22 11:00:00,A,TOTFERRT,ME,2014,1.75,
ESTAT:TPS00199(1.0),28/04/22 11:00:00,A,TOTFERRT,ME,2015,1.74,
ESTAT:TPS00199(1.0),28/04/22 11:00:00,A,TOTFERRT,ME,2016,1.79,
ESTAT:TPS00199(1.0),28/04/22 11:00:00,A,TOTFERRT,ME,2017,1.78,
ESTAT:TPS00199(1.0),28/04/22 11:00:00,A,TOTFERRT,ME,2018,1.76,
ESTAT:TPS00199(1.0),28/04/22 11:00:00,A,TOTFERRT,ME,2019,1.77,
ESTAT:TPS00199(1.0),28/04/22 11:00:00,A,TOTFERRT,ME,2020,1.75,
ESTAT:TPS00199(1.0),28/04/22 11:00:00,A,TOTFERRT,MK,2009,1.52,
ESTAT:TPS00199(1.0),28/04/22 11:00:00,A,TOTFERRT,MK,2010,1.56,
ESTAT:TPS00199(1.0),28/04/22 11:00:00,A,TOTFERRT,MK,2011,1.46,
ESTAT:TPS00199(1.0),28/04/22 11:00:00,A,TOTFERRT,MK,2012,1.51,
ESTAT:TPS00199(1.0),28/04/22 11:00:00,A,TOTFERRT,MK,2013,1.49,
ESTAT:TPS00199(1.0),28/04/22 11:00:00,A,TOTFERRT,MK,2014,1.52,
ESTAT:TPS00199(1.0),28/04/22 11:00:00,A,TOTFERRT,MK,2015,1.50,
ESTAT:TPS00199(1.0),28/04/22 11:00:00,A,TOTFERRT,MK,2016,1.50,
ESTAT:TPS00199(1.0),28/04/22 11:00:00,A,TOTFERRT,MK,2017,1.43,
ESTAT:TPS00199(1.0),28/04/22 11:00:00,A,TOTFERRT,MK,2018,1.42,
ESTAT:TPS00199(1.0),28/04/22 11:00:00,A,TOTFERRT,MK,2019,1.34,
ESTAT:TPS00199(1.0),28/04/22 11:00:00,A,TOTFERRT,MK,2020,1.31,
ESTAT:TPS00199(1.0),28/04/22 11:00:00,A,TOTFERRT,MT,2009,1.42,
ESTAT:TPS00199(1.0),28/04/22 11:00:00,A,TOTFERRT,MT,2010,1.36,
ESTAT:TPS00199(1.0),28/04/22 11:00:00,A,TOTFERRT,MT,2011,1.45,
ESTAT:TPS00199(1.0),28/04/22 11:00:00,A,TOTFERRT,MT,2012,1.42,
ESTAT:TPS00199(1.0),28/04/22 11:00:00,A,TOTFERRT,MT,2013,1.36,
ESTAT:TPS00199(1.0),28/04/22 11:00:00,A,TOTFERRT,MT,2014,1.38,
ESTAT:TPS00199(1.0),28/04/22 11:00:00,A,TOTFERRT,MT,2015,1.37,
ESTAT:TPS00199(1.0),28/04/22 11:00:00,A,TOTFERRT,MT,2016,1.37,
ESTAT:TPS00199(1.0),28/04/22 11:00:00,A,TOTFERRT,MT,2017,1.26,
ESTAT:TPS00199(1.0),28/04/22 11:00:00,A,TOTFERRT,MT,2018,1.23,
ESTAT:TPS00199(1.0),28/04/22 11:00:00,A,TOTFERRT,MT,2019,1.14,
ESTAT:TPS00199(1.0),28/04/22 11:00:00,A,TOTFERRT,MT,2020,1.13,
ESTAT:TPS00199(1.0),28/04/22 11:00:00,A,TOTFERRT,NL,2009,1.79,
ESTAT:TPS00199(1.0),28/04/22 11:00:00,A,TOTFERRT,NL,2010,1.79,
ESTAT:TPS00199(1.0),28/04/22 11:00:00,A,TOTFERRT,NL,2011,1.76,
ESTAT:TPS00199(1.0),28/04/22 11:00:00,A,TOTFERRT,NL,2012,1.72,
ESTAT:TPS00199(1.0),28/04/22 11:00:00,A,TOTFERRT,NL,2013,1.68,
ESTAT:TPS00199(1.0),28/04/22 11:00:00,A,TOTFERRT,NL,2014,1.71,
ESTAT:TPS00199(1.0),28/04/22 11:00:00,A,TOTFERRT,NL,2015,1.66,
ESTAT:TPS00199(1.0),28/04/22 11:00:00,A,TOTFERRT,NL,2016,1.66,
ESTAT:TPS00199(1.0),28/04/22 11:00:00,A,TOTFERRT,NL,2017,1.62,
ESTAT:TPS00199(1.0),28/04/22 11:00:00,A,TOTFERRT,NL,2018,1.59,
ESTAT:TPS00199(1.0),28/04/22 11:00:00,A,TOTFERRT,NL,2019,1.57,
ESTAT:TPS00199(1.0),28/04/22 11:00:00,A,TOTFERRT,NL,2020,1.54,
ESTAT:TPS00199(1.0),28/04/22 11:00:00,A,TOTFERRT,NO,2009,1.98,
ESTAT:TPS00199(1.0),28/04/22 11:00:00,A,TOTFERRT,NO,2010,1.95,
ESTAT:TPS00199(1.0),28/04/22 11:00:00,A,TOTFERRT,NO,2011,1.88,
ESTAT:TPS00199(1.0),28/04/22 11:00:00,A,TOTFERRT,NO,2012,1.85,
ESTAT:TPS00199(1.0),28/04/22 11:00:00,A,TOTFERRT,NO,2013,1.78,
ESTAT:TPS00199(1.0),28/04/22 11:00:00,A,TOTFERRT,NO,2014,1.75,
ESTAT:TPS00199(1.0),28/04/22 11:00:00,A,TOTFERRT,NO,2015,1.72,
ESTAT:TPS00199(1.0),28/04/22 11:00:00,A,TOTFERRT,NO,2016,1.71,
ESTAT:TPS00199(1.0),28/04/22 11:00:00,A,TOTFERRT,NO,2017,1.62,
ESTAT:TPS00199(1.0),28/04/22 11:00:00,A,TOTFERRT,NO,2018,1.56,
ESTAT:TPS00199(1.0),28/04/22 11:00:00,A,TOTFERRT,NO,2019,1.53,
ESTAT:TPS00199(1.0),28/04/22 11:00:00,A,TOTFERRT,NO,2020,1.48,
ESTAT:TPS00199(1.0),28/04/22 11:00:00,A,TOTFERRT,PL,2009,1.40,b
ESTAT:TPS00199(1.0),28/04/22 11:00:00,A,TOTFERRT,PL,2010,1.41,b
ESTAT:TPS00199(1.0),28/04/22 11:00:00,A,TOTFERRT,PL,2011,1.33,
ESTAT:TPS00199(1.0),28/04/22 11:00:00,A,TOTFERRT,PL,2012,1.33,
ESTAT:TPS00199(1.0),28/04/22 11:00:00,A,TOTFERRT,PL,2013,1.29,
ESTAT:TPS00199(1.0),28/04/22 11:00:00,A,TOTFERRT,PL,2014,1.32,
ESTAT:TPS00199(1.0),28/04/22 11:00:00,A,TOTFERRT,PL,2015,1.32,
ESTAT:TPS00199(1.0),28/04/22 11:00:00,A,TOTFERRT,PL,2016,1.39,
ESTAT:TPS00199(1.0),28/04/22 11:00:00,A,TOTFERRT,PL,2017,1.48,
ESTAT:TPS00199(1.0),28/04/22 11:00:00,A,TOTFERRT,PL,2018,1.46,e
ESTAT:TPS00199(1.0),28/04/22 11:00:00,A,TOTFERRT,PL,2019,1.44,
ESTAT:TPS00199(1.0),28/04/22 11:00:00,A,TOTFERRT,PL,2020,1.39,ep
ESTAT:TPS00199(1.0),28/04/22 11:00:00,A,TOTFERRT,PT,2009,1.34,
ESTAT:TPS00199(1.0),28/04/22 11:00:00,A,TOTFERRT,PT,2010,1.39,
ESTAT:TPS00199(1.0),28/04/22 11:00:00,A,TOTFERRT,PT,2011,1.35,
ESTAT:TPS00199(1.0),28/04/22 11:00:00,A,TOTFERRT,PT,2012,1.28,
ESTAT:TPS00199(1.0),28/04/22 11:00:00,A,TOTFERRT,PT,2013,1.21,
ESTAT:TPS00199(1.0),28/04/22 11:00:00,A,TOTFERRT,PT,2014,1.23,
ESTAT:TPS00199(1.0),28/04/22 11:00:00,A,TOTFERRT,PT,2015,1.31,
ESTAT:TPS00199(1.0),28/04/22 11:00:00,A,TOTFERRT,PT,2016,1.36,
ESTAT:TPS00199(1.0),28/04/22 11:00:00,A,TOTFERRT,PT,2017,1.38,
ESTAT:TPS00199(1.0),28/04/22 11:00:00,A,TOTFERRT,PT,2018,1.42,
ESTAT:TPS00199(1.0),28/04/22 11:00:00,A,TOTFERRT,PT,2019,1.43,
ESTAT:TPS00199(1.0),28/04/22 11:00:00,A,TOTFERRT,PT,2020,1.40,
ESTAT:TPS00199(1.0),28/04/22 11:00:00,A,TOTFERRT,RO,2009,1.66,
ESTAT:TPS00199(1.0),28/04/22 11:00:00,A,TOTFERRT,RO,2010,1.59,
ESTAT:TPS00199(1.0),28/04/22 11:00:00,A,TOTFERRT,RO,2011,1.47,
ESTAT:TPS00199(1.0),28/04/22 11:00:00,A,TOTFERRT,RO,2012,1.52,
ESTAT:TPS00199(1.0),28/04/22 11:00:00,A,TOTFERRT,RO,2013,1.46,
ESTAT:TPS00199(1.0),28/04/22 11:00:00,A,TOTFERRT,RO,2014,1.56,
ESTAT:TPS00199(1.0),28/04/22 11:00:00,A,TOTFERRT,RO,2015,1.62,
ESTAT:TPS00199(1.0),28/04/22 11:00:00,A,TOTFERRT,RO,2016,1.69,
ESTAT:TPS00199(1.0),28/04/22 11:00:00,A,TOTFERRT,RO,2017,1.78,
ESTAT:TPS00199(1.0),28/04/22 11:00:00,A,TOTFERRT,RO,2018,1.76,
ESTAT:TPS00199(1.0),28/04/22 11:00:00,A,TOTFERRT,RO,2019,1.77,e
ESTAT:TPS00199(1.0),28/04/22 11:00:00,A,TOTFERRT,RO,2020,1.80,e
ESTAT:TPS00199(1.0),28/04/22 11:00:00,A,TOTFERRT,RS,2009,1.44,
ESTAT:TPS00199(1.0),28/04/22 11:00:00,A,TOTFERRT,RS,2010,1.40,
ESTAT:TPS00199(1.0),28/04/22 11:00:00,A,TOTFERRT,RS,2011,1.40,b
ESTAT:TPS00199(1.0),28/04/22 11:00:00,A,TOTFERRT,RS,2012,1.45,
ESTAT:TPS00199(1.0),28/04/22 11:00:00,A,TOTFERRT,RS,2013,1.43,
ESTAT:TPS00199(1.0),28/04/22 11:00:00,A,TOTFERRT,RS,2014,1.46,
ESTAT:TPS00199(1.0),28/04/22 11:00:00,A,TOTFERRT,RS,2015,1.46,
ESTAT:TPS00199(1.0),28/04/22 11:00:00,A,TOTFERRT,RS,2016,1.46,
ESTAT:TPS00199(1.0),28/04/22 11:00:00,A,TOTFERRT,RS,2017,1.49,
ESTAT:TPS00199(1.0),28/04/22 11:00:00,A,TOTFERRT,RS,2018,1.49,
ESTAT:TPS00199(1.0),28/04/22 11:00:00,A,TOTFERRT,RS,2019,1.52,
ESTAT:TPS00199(1.0),28/04/22 11:00:00,A,TOTFERRT,RS,2020,1.48,
ESTAT:TPS00199(1.0),28/04/22 11:00:00,A,TOTFERRT,RU,2009,1.54,
ESTAT:TPS00199(1.0),28/04/22 11:00:00,A,TOTFERRT,RU,2010,1.57,
ESTAT:TPS00199(1.0),28/04/22 11:00:00,A,TOTFERRT,SE,2009,1.94,
ESTAT:TPS00199(1.0),28/04/22 11:00:00,A,TOTFERRT,SE,2010,1.98,
ESTAT:TPS00199(1.0),28/04/22 11:00:00,A,TOTFERRT,SE,2011,1.90,
ESTAT:TPS00199(1.0),28/04/22 11:00:00,A,TOTFERRT,SE,2012,1.91,
ESTAT:TPS00199(1.0),28/04/22 11:00:00,A,TOTFERRT,SE,2013,1.89,
ESTAT:TPS00199(1.0),28/04/22 11:00:00,A,TOTFERRT,SE,2014,1.88,
ESTAT:TPS00199(1.0),28/04/22 11:00:00,A,TOTFERRT,SE,2015,1.85,
ESTAT:TPS00199(1.0),28/04/22 11:00:00,A,TOTFERRT,SE,2016,1.85,
ESTAT:TPS00199(1.0),28/04/22 11:00:00,A,TOTFERRT,SE,2017,1.78,
ESTAT:TPS00199(1.0),28/04/22 11:00:00,A,TOTFERRT,SE,2018,1.76,
ESTAT:TPS00199(1.0),28/04/22 11:00:00,A,TOTFERRT,SE,2019,1.71,
ESTAT:TPS00199(1.0),28/04/22 11:00:00,A,TOTFERRT,SE,2020,1.67,
ESTAT:TPS00199(1.0),28/04/22 11:00:00,A,TOTFERRT,SI,2009,1.53,
ESTAT:TPS00199(1.0),28/04/22 11:00:00,A,TOTFERRT,SI,2010,1.57,
ESTAT:TPS00199(1.0),28/04/22 11:00:00,A,TOTFERRT,SI,2011,1.56,
ESTAT:TPS00199(1.0),28/04/22 11:00:00,A,TOTFERRT,SI,2012,1.58,
ESTAT:TPS00199(1.0),28/04/22 11:00:00,A,TOTFERRT,SI,2013,1.55,
ESTAT:TPS00199(1.0),28/04/22 11:00:00,A,TOTFERRT,SI,2014,1.58,
ESTAT:TPS00199(1.0),28/04/22 11:00:00,A,TOTFERRT,SI,2015,1.57,
ESTAT:TPS00199(1.0),28/04/22 11:00:00,A,TOTFERRT,SI,2016,1.58,
ESTAT:TPS00199(1.0),28/04/22 11:00:00,A,TOTFERRT,SI,2017,1.62,
ESTAT:TPS00199(1.0),28/04/22 11:00:00,A,TOTFERRT,SI,2018,1.60,
ESTAT:TPS00199(1.0),28/04/22 11:00:00,A,TOTFERRT,SI,2019,1.61,
ESTAT:TPS00199(1.0),28/04/22 11:00:00,A,TOTFERRT,SI,2020,1.59,
ESTAT:TPS00199(1.0),28/04/22 11:00:00,A,TOTFERRT,SK,2009,1.44,
ESTAT:TPS00199(1.0),28/04/22 11:00:00,A,TOTFERRT,SK,2010,1.43,
ESTAT:TPS00199(1.0),28/04/22 11:00:00,A,TOTFERRT,SK,2011,1.45,
ESTAT:TPS00199(1.0),28/04/22 11:00:00,A,TOTFERRT,SK,2012,1.34,
ESTAT:TPS00199(1.0),28/04/22 11:00:00,A,TOTFERRT,SK,2013,1.34,
ESTAT:TPS00199(1.0),28/04/22 11:00:00,A,TOTFERRT,SK,2014,1.37,
ESTAT:TPS00199(1.0),28/04/22 11:00:00,A,TOTFERRT,SK,2015,1.40,
ESTAT:TPS00199(1.0),28/04/22 11:00:00,A,TOTFERRT,SK,2016,1.48,
ESTAT:TPS00199(1.0),28/04/22 11:00:00,A,TOTFERRT,SK,2017,1.52,
ESTAT:TPS00199(1.0),28/04/22 11:00:00,A,TOTFERRT,SK,2018,1.54,
ESTAT:TPS00199(1.0),28/04/22 11:00:00,A,TOTFERRT,SK,2019,1.57,
ESTAT:TPS00199(1.0),28/04/22 11:00:00,A,TOTFERRT,SK,2020,1.59,
ESTAT:TPS00199(1.0),28/04/22 11:00:00,A,TOTFERRT,SM,2012,1.26,
ESTAT:TPS00199(1.0),28/04/22 11:00:00,A,TOTFERRT,TR,2009,2.09,
ESTAT:TPS00199(1.0),28/04/22 11:00:00,A,TOTFERRT,TR,2010,2.04,
ESTAT:TPS00199(1.0),28/04/22 11:00:00,A,TOTFERRT,TR,2011,2.03,
ESTAT:TPS00199(1.0),28/04/22 11:00:00,A,TOTFERRT,TR,2012,2.09,
ESTAT:TPS00199(1.0),28/04/22 11:00:00,A,TOTFERRT,TR,2013,2.08,
ESTAT:TPS00199(1.0),28/04/22 11:00:00,A,TOTFERRT,TR,2014,2.17,
ESTAT:TPS00199(1.0),28/04/22 11:00:00,A,TOTFERRT,TR,2015,2.14,
ESTAT:TPS00199(1.0),28/04/22 11:00:00,A,TOTFERRT,TR,2016,2.11,
ESTAT:TPS00199(1.0),28/04/22 11:00:00,A,TOTFERRT,TR,2017,2.07,
ESTAT:TPS00199(1.0),28/04/22 11:00:00,A,TOTFERRT,TR,2018,1.99,
ESTAT:TPS00199(1.0),28/04/22 11:00:00,A,TOTFERRT,TR,2019,1.88,
ESTAT:TPS00199(1.0),28/04/22 11:00:00,A,TOTFERRT,UA,2010,1.43,
ESTAT:TPS00199(1.0),28/04/22 11:00:00,A,TOTFERRT,UA,2011,1.46,
ESTAT:TPS00199(1.0),28/04/22 11:00:00,A,TOTFERRT,UA,2012,1.53,
ESTAT:TPS00199(1.0),28/04/22 11:00:00,A,TOTFERRT,UA,2014,1.46,
ESTAT:TPS00199(1.0),28/04/22 11:00:00,A,TOTFERRT,UA,2015,1.36,
ESTAT:TPS00199(1.0),28/04/22 11:00:00,A,TOTFERRT,UA,2016,1.35,
ESTAT:TPS00199(1.0),28/04/22 11:00:00,A,TOTFERRT,UA,2017,1.26,
ESTAT:TPS00199(1.0),28/04/22 11:00:00,A,TOTFERRT,UA,2018,1.20,
ESTAT:TPS00199(1.0),28/04/22 11:00:00,A,TOTFERRT,UA,2019,1.14,
ESTAT:TPS00199(1.0),28/04/22 11:00:00,A,TOTFERRT,UK,2009,1.89,
ESTAT:TPS00199(1.0),28/04/22 11:00:00,A,TOTFERRT,UK,2010,1.92,
ESTAT:TPS00199(1.0),28/04/22 11:00:00,A,TOTFERRT,UK,2011,1.91,
ESTAT:TPS00199(1.0),28/04/22 11:00:00,A,TOTFERRT,UK,2012,1.92,
ESTAT:TPS00199(1.0),28/04/22 11:00:00,A,TOTFERRT,UK,2013,1.83,
ESTAT:TPS00199(1.0),28/04/22 11:00:00,A,TOTFERRT,UK,2014,1.81,
ESTAT:TPS00199(1.0),28/04/22 11:00:00,A,TOTFERRT,UK,2015,1.80,
ESTAT:TPS00199(1.0),28/04/22 11:00:00,A,TOTFERRT,UK,2016,1.79,
ESTAT:TPS00199(1.0),28/04/22 11:00:00,A,TOTFERRT,UK,2017,1.74,
ESTAT:TPS00199(1.0),28/04/22 11:00:00,A,TOTFERRT,UK,2018,1.68,
ESTAT:TPS00199(1.0),28/04/22 11:00:00,A,TOTFERRT,XK,2015,,p
ESTAT:TPS00199(1.0),28/04/22 11:00:00,A,TOTFERRT,XK,2016,1.66,p
ESTAT:TPS00199(1.0),28/04/22 11:00:00,A,TOTFERRT,XK,2017,1.65,
ESTAT:TPS00199(1.0),28/04/22 11:00:00,A,TOTFERRT,XK,2018,1.61,
ESTAT:TPS00199(1.0),28/04/22 11:00:00,A,TOTFERRT,XK,2019,1.55,
